,user,text,favorite_count,retweet_count,created_at
0,AmazonHelp,"@safaa_dawood Ø¨ÙŠØªÙ… Ø§Ø±Ø³Ø§Ù„ Ø§ÙŠÙ…ÙŠÙ„ Ù…ÙˆØ¶Ø­ ÙÙŠÙ‡ Ø³Ø¨Ø¨ Ø§Ù„Ø§Ù„ØºØ§Ø¡ØŒ Ù…Ù…ÙƒÙ† Ù†ØªÙˆØ§ØµÙ„ ÙˆÙ‚ØªÙ‡Ø§ Ù…Ø¹ Ø®Ø¯Ù…Ø© Ø§Ù„Ø¹Ù…Ù„Ø§Ø¡ØŒ Ùˆ Ù‡ÙŠØªÙ… Ø­Ù„ Ø§Ù„Ø§Ø´ÙƒØ§Ù„ÙŠØ©. 

- Ø§Ø­Ù…Ø¯",0,0,2023-05-17 01:20:49+00:00
1,AmazonHelp,"@SteelCity_Burg We're so sorry to hear about this experience! Just to clarify, have you had a chance to contact us regarding this delivery? We want to be sure this is looked into. -Andrew",0,0,2023-05-17 01:20:44+00:00
2,AmazonHelp,"@Amandee54377118 Please follow our Twitter handle so that we can continue to support over DM.
 -Mohammed",0,0,2023-05-17 01:20:11+00:00
3,AmazonHelp,"@darktodash Thank you for your feedback, we really appreciate it. We apologize for any inconvenience. We hope you have a good day. -Rose",0,0,2023-05-17 01:19:57+00:00
4,AmazonHelp,@kklappco We were able to locate your details. Thank you for confirming for us. Please keep an eye on your e-mails for any updates. -Erin,0,0,2023-05-17 01:19:11+00:00
5,AmazonHelp,@wedoforgive Thanks for the update! We're glad to hear it's working for you now. -Dustin,0,0,2023-05-17 01:19:05+00:00
6,AmazonHelp,@AndressaHerrera Sugerimos entrar em contato conosco pelo chat ou telefone para verificar o ocorrido: https://t.co/qGpkDwGRhX. -Nan,0,0,2023-05-17 01:19:00+00:00
7,AmazonHelp,"@0217py Amazonå…¬å¼ã§ã™ã€‚
ã”å¿ƒé…ã‚’ãŠã‹ã‘ã—ã¦ãŠã‚Šã¾ã™ã€‚å•†å“ãŒæœªç™ºé€ã®å ´åˆã€å‡ºè·æº–å‚™ã«ãŠæ™‚é–“ã‚’ã„ãŸã ã„ã¦ã„ã‚‹å¯èƒ½æ€§ãŒã”ã–ã„ã¾ã™ã€‚Twitterä¸Šã§ã¯è©³ç´°ã‚’ãŠèª¿ã¹ã§ããªã„ã®ã§ã™ãŒã€é€²æ—ãŒã‚ã‚Šæ¬¡ç¬¬Amazonã‚ˆã‚ŠEãƒ¡ãƒ¼ãƒ«ã§ãŠçŸ¥ã‚‰ã›ã—ã¾ã™ã€‚ç™ºé€ã¾ã§ä»Šã—ã°ã‚‰ããŠå¾…ã¡ã„ãŸã ã‘ã‚Œã°å¹¸ã„ã§ã™ã€‚é˜¿éƒ¨",0,0,2023-05-17 01:18:51+00:00
8,AmazonHelp,@weprintonthat Hello! You can find all available refund and replacement options for your order here: https://t.co/sa4jRlMZzs. -Rose,0,0,2023-05-17 01:18:24+00:00
9,AmazonHelp,"@baaabyarmy  We'd like to take a closer look at this with you. Since we don't have account access via social media outlets, please connect with us here: https://t.co/hApLpMlfHN . -Shanta",0,0,2023-05-17 01:18:04+00:00
10,AmazonHelp,@wavveswork Hey there! Glad to hear it was resolved. Please don't hesitate to reach out in the future if we can be of further assistance. We're always here and happy to help however we can! -Sara,0,0,2023-05-17 01:18:00+00:00
11,AmazonHelp,"@HIMA_uchinoLION Amazonã‚’ã”åˆ©ç”¨ã„ãŸã ãã‚ã‚ŠãŒã¨ã†ã”ã–ã„ã¾ã™ã€‚
æ°—ã«å…¥ã£ã¦ã„ãŸã ã‘ã¾ã—ãŸã‚‰å¹¸ã„ã§ã™ğŸ“¦ğŸ˜ºâœ¨
ç™¾äº•",0,0,2023-05-17 01:17:16+00:00
12,AmazonHelp,"@Mumalmumal13463 We'd like to help you with this, please reach out to us via DM. We will do our best to assist. 

-Shaaf https://t.co/1XyLaGkcaN",0,0,2023-05-17 01:16:42+00:00
13,AmazonHelp,"@Vanilda1010 Compreendo. Lamentamos os inconvenientes. Neste caso, sugiro que entre em contato com o nosso Suporte ao Cliente para reportar o ocorrido: https://t.co/iicPSYGxYi.

 -Cindy",0,0,2023-05-17 01:16:32+00:00
14,AmazonHelp,"@Caracolcienta Â¡Hola! Sentimos la situaciÃ³n. Â¿Puedes indicarnos si el sistema te muestra algÃºn cÃ³digo o leyenda de error?, ademÃ¡sÂ¿contrataste Prime Video mediante un proveedor externo? 
-Fio G.",0,0,2023-05-17 01:16:25+00:00
15,AmazonHelp,"@chickendream235 ã”è¿”ä¿¡ã‚’ã„ãŸã ãã€ã‚ã‚ŠãŒã¨ã†ã”ã–ã„ã¾ã™ã€‚
è©³ç´°ã‚’ãŠé€ã‚Šã„ãŸã ã„ãŸãªã‹ã€å¤§å¤‰æã‚Œå…¥ã‚Šã¾ã™ãŒã€ãã®å ´åˆã¯ãŠæ‰‹ç¶šãã‚’ã„ãŸã ã„ãŸäº‹æ¥­è€…æ§˜ã¸çŠ¶æ³ç¢ºèªã®ã”ç›¸è«‡ã‚’æ¤œè¨ã„ãŸã ã‘ãªã„ã§ã—ã‚‡ã†ã‹ã€‚é˜¿éƒ¨",1,0,2023-05-17 01:14:54+00:00
16,AmazonHelp,"@matt_sears Thank you for sharing your thoughts, and we're sorry for any frustration. We appreciate your feedback, as it's always important in helping us continue to improve our services. If you should have questions or concerns in the future, let us know. Have a good day! -Donald",0,0,2023-05-17 01:13:32+00:00
17,AmazonHelp,"@akino_twi ã”è¿”ä¿¡ã‚ã‚ŠãŒã¨ã†ã”ã–ã„ã¾ã™ã€‚ãŠæ‰‹æ•°ã‚’ãŠã‹ã‘ã—ã¾ã—ãŸã€‚
ã¾ãŸã€ãã®ä»–ãŠå›°ã‚Šã”ã¨ç­‰ã”ã–ã„ã¾ã—ãŸã‚‰ã€ã„ã¤ã§ã‚‚ãŠå£°ãŒã‘ãã ã•ã„ã€‚ - å°æ¾",0,0,2023-05-17 01:12:52+00:00
18,AmazonHelp,"@massy_o  Amazonå…¬å¼ã§ã™ã€‚ã”ä¸å¿«ã®å¿µã‚’ãŠã‹ã‘ã—ã¦ãŠã‚Šã¾ã™ã€‚
ã‚ˆã‚ã—ã‘ã‚Œã°ã“ã¡ã‚‰ã®ãƒ˜ãƒ«ãƒ—ãƒšãƒ¼ã‚¸ã‚’ã”å‚ç…§ã„ãŸã ãã€ãƒšãƒ¼ã‚¸å†…ã€Œæ¢±åŒ…ã«é–¢ã™ã‚‹ã”æ„è¦‹ã¯ã“ã¡ã‚‰ã€‚ã€ã‹ã‚‰æ¢±åŒ…ã«é–¢ã™ã‚‹ã”æ„è¦‹ã‚„ã”è¦æœ›ã‚’ã‚«ã‚¹ã‚¿ãƒãƒ¼ã‚µãƒ¼ãƒ“ã‚¹ã¸ãŠå¯„ã›ã„ãŸã ãã¾ã™ã‚ˆã†ãŠé¡˜ã„ã„ãŸã—ã¾ã™ã€‚ https://t.co/8ObWaFFvUVã€€-è—¤åŸ",1,0,2023-05-17 01:12:24+00:00
19,AmazonHelp,"@Amandee54377118 Weâ€™re sorry, we're unable to respond via DM. You can follow our Twitter handle so that we can continue to support over DM. Also, please donâ€™t provide your order/account details as we consider them to be personal information. 
 -Mohammed",0,0,2023-05-17 01:12:17+00:00
